,id,comment_txt,sentiment_txt,parent_class_txt,child_class_txt
0,24c5c1ca5-06c9-483a-9244-2412bf261d37,–ö—Ä—É–ø–Ω—ã–π —Ö–æ—Ä–æ—à–∏–π –ª—É–∫. ,SENTIMENT_POSITIVE,–°–≤–µ–∂–µ—Å—Ç—å –∏ –∫–∞—á–µ—Å—Ç–≤–æ,–ö–∞—á–µ—Å—Ç–≤–æ —Ç–æ–≤–∞—Ä–∞
1,6d0ae636-52ad-4fa5-b4e8-0fead2cc84fe22afaa64-a45d-4f73-aac8-9005ff34af1d,–ó–∞–∫–∞–∑ –¥–æ—Å—Ç–∞–≤–∏–ª–∏ –±—ã—Å—Ç—Ä–æ,SENTIMENT_POSITIVE,–£–¥–æ–±—Å—Ç–≤–æ –∏ —Å–∫–æ—Ä–æ—Å—Ç—å –∫–∞—Å—Å—ã,–í—Ä–µ–º—è –æ–∂–∏–¥–∞–Ω–∏—è –≤ –æ—á–µ—Ä–µ–¥–∏ –∫ –∫–∞—Å—Å–µ
2,2bf492ee6-606f-428b-905c-547f27ae3377,–ø—Ä–∏—Å—É—Ç—Å—Ç–≤—É–µ—Ç –Ω–µ –ø—Ä–∏—è—Ç–Ω—ã–π –∑–∞–ø–∞—Ö. ,SENTIMENT_NEGATIVE,–ß–∏—Å—Ç–æ—Ç–∞ –∏ –ø–æ—Ä—è–¥–æ–∫,–ó–∞–ø–∞—Ö –≤ –º–∞–≥–∞–∑–∏–Ω–µ
3,6d0ae636-52ad-4fa5-b4e8-0fead2cc84fef8e57a66-cadb-4237-b800-1df3482e2de1,"–û—á–µ–Ω—å —Ö–æ—Ä–æ—à–∏–π –º–∞–≥–∞–∑–∏–Ω, —Ä—è–¥–æ–º —Å –¥–æ–º–æ–π, –≤–µ–∂–ª–∏–≤—ã–µ –ø—Ä–æ–¥–∞–≤—Ü—ã, –µ—Å—Ç—å –≤—Å–µ –Ω–µ–æ–±—Ö–æ–¥–∏–º—ã–µ —Ç–æ–≤–∞—Ä—ã",SENTIMENT_POSITIVE,–£–¥–æ–±—Å—Ç–≤–æ —Ä–∞—Å–ø–æ–ª–æ–∂–µ–Ω–∏—è –º–∞–≥–∞–∑–∏–Ω–∞/–≤—Ö–æ–¥–∞/—Ä–µ–∂–∏–º–∞ —Ä–∞–±–æ—Ç—ã,–£–¥–æ–±—Å—Ç–≤–æ —Ä–∞—Å–ø–æ–ª–æ–∂–µ–Ω–∏—è –º–∞–≥–∞–∑–∏–Ω–∞
4,6d0ae636-52ad-4fa5-b4e8-0fead2cc84fef8e57a66-cadb-4237-b800-1df3482e2de1,"–û—á–µ–Ω—å —Ö–æ—Ä–æ—à–∏–π –º–∞–≥–∞–∑–∏–Ω, —Ä—è–¥–æ–º —Å –¥–æ–º–æ–π, –≤–µ–∂–ª–∏–≤—ã–µ –ø—Ä–æ–¥–∞–≤—Ü—ã, –µ—Å—Ç—å –≤—Å–µ –Ω–µ–æ–±—Ö–æ–¥–∏–º—ã–µ —Ç–æ–≤–∞—Ä—ã",SENTIMENT_POSITIVE,–®–∏—Ä–æ—Ç–∞ –≤—ã–±–æ—Ä–∞ –∏ –Ω–∞–ª–∏—á–∏–µ —Ç–æ–≤–∞—Ä–æ–≤,–ù–∞–ª–∏—á–∏–µ —Ç–æ–≤–∞—Ä–∞ –Ω–∞ –ø–æ–ª–∫–µ
5,6d0ae636-52ad-4fa5-b4e8-0fead2cc84fef8e57a66-cadb-4237-b800-1df3482e2de1,"–û—á–µ–Ω—å —Ö–æ—Ä–æ—à–∏–π –º–∞–≥–∞–∑–∏–Ω, —Ä—è–¥–æ–º —Å –¥–æ–º–æ–π, –≤–µ–∂–ª–∏–≤—ã–µ –ø—Ä–æ–¥–∞–≤—Ü—ã, –µ—Å—Ç—å –≤—Å–µ –Ω–µ–æ–±—Ö–æ–¥–∏–º—ã–µ —Ç–æ–≤–∞—Ä—ã",SENTIMENT_POSITIVE,–í–µ–∂–ª–∏–≤–æ—Å—Ç—å –∏ –æ—Ç–∑—ã–≤—á–∏–≤–æ—Å—Ç—å,"–ö–æ–º–ø–µ—Ç–µ–Ω—Ç–Ω–æ—Å—Ç—å, –æ—Ç–∑—ã–≤—á–∏–≤–æ—Å—Ç—å –∏ –¥—Ä—É–∂–µ–ª—é–±–Ω–æ—Å—Ç—å —Å–æ—Ç—Ä—É–¥–Ω–∏–∫–æ–≤ –∑–∞–ª–∞"
6,148fc5fc-c83c-4505-b050-1b039e565985d891d064-98d7-4180-98d0-409fd319357a,"–ù–µ–º–Ω–æ–≥–æ –≥—Ä—è–∑–Ω–æ–≤–∞—Ç–æ, –≤–æ–∑–º–æ–∂–Ω–æ –ø–æ–≥–æ–¥–Ω—ã–µ —É—Å–ª–æ–≤–∏—è, –ø–ª–∏—Ç–∫–∞ –Ω–∞ –ø–æ–ª—É —Å–∫–æ–ª–æ—Ç–∞, –∞ —Ç–∞–∫ –∫–æ–º–ø–∞–∫—Ç–Ω—ã–π —É–¥–æ–±–Ω—ã–π –º–∞–≥–∞–∑–∏–Ω",SENTIMENT_NEGATIVE,–ß–∏—Å—Ç–æ—Ç–∞ –∏ –ø–æ—Ä—è–¥–æ–∫,–ß–∏—Å—Ç–æ—Ç–∞ –∏ –ø–æ—Ä—è–¥–æ–∫ –≤ —Ç–æ—Ä–≥–æ–≤–æ–º –∑–∞–ª–µ
7,148fc5fc-c83c-4505-b050-1b039e565985d891d064-98d7-4180-98d0-409fd319357a,"–ù–µ–º–Ω–æ–≥–æ –≥—Ä—è–∑–Ω–æ–≤–∞—Ç–æ, –≤–æ–∑–º–æ–∂–Ω–æ –ø–æ–≥–æ–¥–Ω—ã–µ —É—Å–ª–æ–≤–∏—è, –ø–ª–∏—Ç–∫–∞ –Ω–∞ –ø–æ–ª—É —Å–∫–æ–ª–æ—Ç–∞, –∞ —Ç–∞–∫ –∫–æ–º–ø–∞–∫—Ç–Ω—ã–π —É–¥–æ–±–Ω—ã–π –º–∞–≥–∞–∑–∏–Ω",SENTIMENT_POSITIVE,–£–¥–æ–±—Å—Ç–≤–æ —Ä–∞—Å–ø–æ–ª–æ–∂–µ–Ω–∏—è –º–∞–≥–∞–∑–∏–Ω–∞/–≤—Ö–æ–¥–∞/—Ä–µ–∂–∏–º–∞ —Ä–∞–±–æ—Ç—ã,–£–¥–æ–±—Å—Ç–≤–æ —Ä–∞—Å–ø–æ–ª–æ–∂–µ–Ω–∏—è –º–∞–≥–∞–∑–∏–Ω–∞
8,6d0ae636-52ad-4fa5-b4e8-0fead2cc84fecc134e89-c568-4290-bf74-7599ca76bc30,"–ú–Ω–µ –≤—Å–µ –Ω—Ä–∞–≤–∏—Ç—Å—è, —Ç–æ–≤–∞—Ä—ã, –ø—Ä–æ–¥–∞–≤—Ü—ã, —Å–∫–∏–¥–∫–∏",SENTIMENT_POSITIVE,–®–∏—Ä–æ—Ç–∞ –≤—ã–±–æ—Ä–∞ –∏ –Ω–∞–ª–∏—á–∏–µ —Ç–æ–≤–∞—Ä–æ–≤,–ê—Å—Å–æ—Ä—Ç–∏–º–µ–Ω—Ç —Ç–æ–≤–∞—Ä–∞
9,6d0ae636-52ad-4fa5-b4e8-0fead2cc84fecc134e89-c568-4290-bf74-7599ca76bc30,"–ú–Ω–µ –≤—Å–µ –Ω—Ä–∞–≤–∏—Ç—Å—è, —Ç–æ–≤–∞—Ä—ã, –ø—Ä–æ–¥–∞–≤—Ü—ã, —Å–∫–∏–¥–∫–∏",SENTIMENT_POSITIVE,–í–µ–∂–ª–∏–≤–æ—Å—Ç—å –∏ –æ—Ç–∑—ã–≤—á–∏–≤–æ—Å—Ç—å,"–ö–æ–º–ø–µ—Ç–µ–Ω—Ç–Ω–æ—Å—Ç—å, –æ—Ç–∑—ã–≤—á–∏–≤–æ—Å—Ç—å –∏ –¥—Ä—É–∂–µ–ª—é–±–Ω–æ—Å—Ç—å —Å–æ—Ç—Ä—É–¥–Ω–∏–∫–æ–≤ –∑–∞–ª–∞"
10,6d0ae636-52ad-4fa5-b4e8-0fead2cc84fecc134e89-c568-4290-bf74-7599ca76bc30,"–ú–Ω–µ –≤—Å–µ –Ω—Ä–∞–≤–∏—Ç—Å—è, —Ç–æ–≤–∞—Ä—ã, –ø—Ä–æ–¥–∞–≤—Ü—ã, —Å–∫–∏–¥–∫–∏",SENTIMENT_POSITIVE,–°–∫–∏–¥–∫–∏ –∏ –∞–∫—Ü–∏–∏,–¶–µ–Ω–∞ –ø–æ—Å–ª–µ —Å–∫–∏–¥–∫–∏
11,4026f997-868c-4633-9c00-e05573a65ac9a4cdbef2-9638-41cd-91a1-93dd242f4898,"–£–¥–æ–±–Ω–æ,–±—ã—Å—Ç—Ä–æ",SENTIMENT_POSITIVE,–£–¥–æ–±—Å—Ç–≤–æ —Ä–∞—Å–ø–æ–ª–æ–∂–µ–Ω–∏—è –º–∞–≥–∞–∑–∏–Ω–∞/–≤—Ö–æ–¥–∞/—Ä–µ–∂–∏–º–∞ —Ä–∞–±–æ—Ç—ã,–£–¥–æ–±—Å—Ç–≤–æ —Ä–∞—Å–ø–æ–ª–æ–∂–µ–Ω–∏—è –º–∞–≥–∞–∑–∏–Ω–∞
12,ed66954e-16c8-4d0b-bc1a-b620d46024d1b14ea004-e506-46b6-9835-bd730c8c1c0c,"–õ—É—á—à–∏–π –º–∞–≥–Ω–∏—Ç –Ω–∞ —Ä–∞–π–æ–Ω–µ , —Å–∞–º—ã–π –æ—Ç–∑—ã–≤—á–∏–≤—ã–π –∏ –ª—é–±–µ–∑–Ω—ã–π –ø–µ—Ä—Å–æ–Ω–∞–ª , –î–∞–∂–µ –ø–æ—Å–ª–µ —Ç–æ–≥–æ , –∫–∞–∫ –ø–µ—Ä–µ–µ—Ö–∞–ª–∞ –æ—Ç —Ç—É–¥–∞ –ø—Ä–æ–¥–æ–ª–∂–∞—é –ø–æ–ª—å–∑–æ–≤–∞—Ç—å—Å—è —ç—Ç–∏–º –º–∞–≥–Ω–∏—Ç–æ–º üëç",SENTIMENT_POSITIVE,–í–µ–∂–ª–∏–≤–æ—Å—Ç—å –∏ –æ—Ç–∑—ã–≤—á–∏–≤–æ—Å—Ç—å,"–ö–æ–º–ø–µ—Ç–µ–Ω—Ç–Ω–æ—Å—Ç—å, –æ—Ç–∑—ã–≤—á–∏–≤–æ—Å—Ç—å –∏ –¥—Ä—É–∂–µ–ª—é–±–Ω–æ—Å—Ç—å —Å–æ—Ç—Ä—É–¥–Ω–∏–∫–æ–≤ –∑–∞–ª–∞"
13,ed66954e-16c8-4d0b-bc1a-b620d46024d1b14ea004-e506-46b6-9835-bd730c8c1c0c,"–õ—É—á—à–∏–π –º–∞–≥–Ω–∏—Ç –Ω–∞ —Ä–∞–π–æ–Ω–µ , —Å–∞–º—ã–π –æ—Ç–∑—ã–≤—á–∏–≤—ã–π –∏ –ª—é–±–µ–∑–Ω—ã–π –ø–µ—Ä—Å–æ–Ω–∞–ª , –î–∞–∂–µ –ø–æ—Å–ª–µ —Ç–æ–≥–æ , –∫–∞–∫ –ø–µ—Ä–µ–µ—Ö–∞–ª–∞ –æ—Ç —Ç—É–¥–∞ –ø—Ä–æ–¥–æ–ª–∂–∞—é –ø–æ–ª—å–∑–æ–≤–∞—Ç—å—Å—è —ç—Ç–∏–º –º–∞–≥–Ω–∏—Ç–æ–º üëç",SENTIMENT_POSITIVE,–£–¥–æ–±—Å—Ç–≤–æ —Ä–∞—Å–ø–æ–ª–æ–∂–µ–Ω–∏—è –º–∞–≥–∞–∑–∏–Ω–∞/–≤—Ö–æ–¥–∞/—Ä–µ–∂–∏–º–∞ —Ä–∞–±–æ—Ç—ã,–£–¥–æ–±—Å—Ç–≤–æ —Ä–∞—Å–ø–æ–ª–æ–∂–µ–Ω–∏—è –º–∞–≥–∞–∑–∏–Ω–∞
14,148fc5fc-c83c-4505-b050-1b039e5659854a889974-6df0-48f5-9bb4-9af4e8ebf59a,"–ö–∞–∫ –∏ –≤—Å–µ –ø–µ–Ω—Å–∏–æ–Ω–µ—Ä—ã —á—Ç–æ–±—ã –±—ã–ª–∏ –ø—Ä–∏–µ–º–ª–µ–º—ã–µ —Ü–µ–Ω—ã –∞ –Ω–µ –∫–∞–∫ –≤ ""–ø–µ—Ä–µ–∫—Ä—ë—Å—Ç–∫–µ"".–≤—Å–µ–≥–æ –¥–æ–±—Ä–æ–≥–æ. –†–∞–Ω—å—à–µ —É –Ω–∞—Å –Ω–µ –±—ã–ª–æ –≤–∞—à–µ–π —Ñ–∏—Ä–º—ã",SENTIMENT_POSITIVE,–£—Ä–æ–≤–µ–Ω—å —Ü–µ–Ω,–í—ã–≥–æ–¥–Ω–æ—Å—Ç—å —Ü–µ–Ω
15,6d0ae636-52ad-4fa5-b4e8-0fead2cc84fea2b8a837-bf49-40ff-8071-b25438aa77e9,"–•–æ—Ä–æ—à–∏–π –∞—Å—Å–æ—Ä—Ç–∏–º–µ–Ω—Ç, —É–¥–æ–±–Ω–æ –¥–ª—è –º–µ–Ω—è —Ä–∞—Å–ø–æ–ª–æ–∂–µ–Ω. –ü–æ–∫—É–ø–∞–ª —Ñ—Ä—É–∫—Ç—ã - —Å–ø–µ–ª—ã–µ –∏ –≤–∫—É—Å–Ω—ã–µ.",SENTIMENT_POSITIVE,–®–∏—Ä–æ—Ç–∞ –≤—ã–±–æ—Ä–∞ –∏ –Ω–∞–ª–∏—á–∏–µ —Ç–æ–≤–∞—Ä–æ–≤,–ê—Å—Å–æ—Ä—Ç–∏–º–µ–Ω—Ç —Ç–æ–≤–∞—Ä–∞
16,6d0ae636-52ad-4fa5-b4e8-0fead2cc84fea2b8a837-bf49-40ff-8071-b25438aa77e9,"–•–æ—Ä–æ—à–∏–π –∞—Å—Å–æ—Ä—Ç–∏–º–µ–Ω—Ç, —É–¥–æ–±–Ω–æ –¥–ª—è –º–µ–Ω—è —Ä–∞—Å–ø–æ–ª–æ–∂–µ–Ω. –ü–æ–∫—É–ø–∞–ª —Ñ—Ä—É–∫—Ç—ã - —Å–ø–µ–ª—ã–µ –∏ –≤–∫—É—Å–Ω—ã–µ.",SENTIMENT_POSITIVE,–£–¥–æ–±—Å—Ç–≤–æ —Ä–∞—Å–ø–æ–ª–æ–∂–µ–Ω–∏—è –º–∞–≥–∞–∑–∏–Ω–∞/–≤—Ö–æ–¥–∞/—Ä–µ–∂–∏–º–∞ —Ä–∞–±–æ—Ç—ã,–£–¥–æ–±—Å—Ç–≤–æ —Ä–∞—Å–ø–æ–ª–æ–∂–µ–Ω–∏—è –º–∞–≥–∞–∑–∏–Ω–∞
17,6d0ae636-52ad-4fa5-b4e8-0fead2cc84fea2b8a837-bf49-40ff-8071-b25438aa77e9,"–•–æ—Ä–æ—à–∏–π –∞—Å—Å–æ—Ä—Ç–∏–º–µ–Ω—Ç, —É–¥–æ–±–Ω–æ –¥–ª—è –º–µ–Ω—è —Ä–∞—Å–ø–æ–ª–æ–∂–µ–Ω. –ü–æ–∫—É–ø–∞–ª —Ñ—Ä—É–∫—Ç—ã - —Å–ø–µ–ª—ã–µ –∏ –≤–∫—É—Å–Ω—ã–µ.",SENTIMENT_POSITIVE,–°–≤–µ–∂–µ—Å—Ç—å –∏ –∫–∞—á–µ—Å—Ç–≤–æ,–°–≤–µ–∂–µ—Å—Ç—å –ø—Ä–æ–¥—É–∫—Ç–æ–≤
19,6d0ae636-52ad-4fa5-b4e8-0fead2cc84fee4b77fa7-4c46-4954-8fb9-c16c65c83021,"–í –º–∞–≥–∞–∑–∏–Ω–µ —Ç–≤–æ—Ä–∏—Ç—Å—è –ø–æ—Ä—è–¥–∫–∞, –Ω–µ–∫–æ—Ç–æ—Ä—ã–µ –ø—Ä–æ–¥—É–∫—Ç—ã –≤ –ø–ª–µ—Å–µ–Ω–∏",SENTIMENT_NEGATIVE,–ß–∏—Å—Ç–æ—Ç–∞ –∏ –ø–æ—Ä—è–¥–æ–∫,–ß–∏—Å—Ç–æ—Ç–∞ –∏ –ø–æ—Ä—è–¥–æ–∫ –≤ —Ç–æ—Ä–≥–æ–≤–æ–º –∑–∞–ª–µ
20,6d0ae636-52ad-4fa5-b4e8-0fead2cc84fee4b77fa7-4c46-4954-8fb9-c16c65c83021,"–í –º–∞–≥–∞–∑–∏–Ω–µ —Ç–≤–æ—Ä–∏—Ç—Å—è –ø–æ—Ä—è–¥–∫–∞, –Ω–µ–∫–æ—Ç–æ—Ä—ã–µ –ø—Ä–æ–¥—É–∫—Ç—ã –≤ –ø–ª–µ—Å–µ–Ω–∏",SENTIMENT_NEGATIVE,–°–≤–µ–∂–µ—Å—Ç—å –∏ –∫–∞—á–µ—Å—Ç–≤–æ,–°–≤–µ–∂–µ—Å—Ç—å –ø—Ä–æ–¥—É–∫—Ç–æ–≤
22,ed66954e-16c8-4d0b-bc1a-b620d46024d1816c2315-2a57-44b4-a29e-96319b8338c6,"–í —ç—Ç–æ–º –º–∞–≥–∞–∑–∏–Ω–µ —Ä–∞–±–æ—Ç–∞—é—Ç —Å–∞–º—ã–µ –æ—Ç–∑—ã–≤—á–∏–≤—ã–µ,–∫–æ–º–ø–µ—Ç–µ–Ω—Ç–Ω—ã–µ –∏ –∫—Ä–∞—Å–∏–≤—ã–µ–ø—Ä–æ–¥–∞–≤—Ü–∞-–∫–æ–Ω—Å—É–ª—å—Ç–∞–Ω—Ç–∞. –ë–æ–ª—å—à–æ–π –∞—Å—Å–æ—Ä—Ç–∏–º–µ–Ω—Ç, —á–∏—Å—Ç–æ, –¥–æ–±—Ä–æ–∂–µ–ª–∞—Ç–µ–ª—å–Ω—ã–π –ø–µ—Ä—Å–æ–Ω–∞–ª. –í—Å–µ —Å—É–ø–µ—Ä",SENTIMENT_POSITIVE,–í–µ–∂–ª–∏–≤–æ—Å—Ç—å –∏ –æ—Ç–∑—ã–≤—á–∏–≤–æ—Å—Ç—å,"–ö–æ–º–ø–µ—Ç–µ–Ω—Ç–Ω–æ—Å—Ç—å, –æ—Ç–∑—ã–≤—á–∏–≤–æ—Å—Ç—å –∏ –¥—Ä—É–∂–µ–ª—é–±–Ω–æ—Å—Ç—å —Å–æ—Ç—Ä—É–¥–Ω–∏–∫–æ–≤ –∑–∞–ª–∞"
24,29ea12414-31fd-4710-aa30-4d966f56e6c3,"–û—á–µ–Ω—å –Ω—Ä–∞–≤–∏—Ç—Å—è —Ç–∞–∫–æ–µ –∞—Å—Å–æ—Ä—Ç–∏ –∏ –ø–æ—ç—Ç–æ–º—É –≤—Å–µ–≥–¥–∞ –±–µ—Ä—É, –∫–æ–≥–¥–∞ —Å–∫–∏–¥–∫–∞!) ",SENTIMENT_POSITIVE,–®–∏—Ä–æ—Ç–∞ –≤—ã–±–æ—Ä–∞ –∏ –Ω–∞–ª–∏—á–∏–µ —Ç–æ–≤–∞—Ä–æ–≤,–ê—Å—Å–æ—Ä—Ç–∏–º–µ–Ω—Ç —Ç–æ–≤–∞—Ä–∞
25,29ea12414-31fd-4710-aa30-4d966f56e6c3,"–û—á–µ–Ω—å –Ω—Ä–∞–≤–∏—Ç—Å—è —Ç–∞–∫–æ–µ –∞—Å—Å–æ—Ä—Ç–∏ –∏ –ø–æ—ç—Ç–æ–º—É –≤—Å–µ–≥–¥–∞ –±–µ—Ä—É, –∫–æ–≥–¥–∞ —Å–∫–∏–¥–∫–∞!) ",SENTIMENT_POSITIVE,–°–∫–∏–¥–∫–∏ –∏ –∞–∫—Ü–∏–∏,–¶–µ–Ω–∞ –ø–æ—Å–ª–µ —Å–∫–∏–¥–∫–∏
26,6d0ae636-52ad-4fa5-b4e8-0fead2cc84fe2a48bbbe-c373-44a1-a4ad-2f1263e2b450,"–û—Ç–ª–∏—á–Ω—ã–π –º–∞–≥–∞–∑–∏–Ω —É –¥–æ–º–∞ ,–¥–∏—Ä–µ–∫—Ç–æ—Ä —Å—É–ø–µ—Ä",SENTIMENT_POSITIVE,–£–¥–æ–±—Å—Ç–≤–æ —Ä–∞—Å–ø–æ–ª–æ–∂–µ–Ω–∏—è –º–∞–≥–∞–∑–∏–Ω–∞/–≤—Ö–æ–¥–∞/—Ä–µ–∂–∏–º–∞ —Ä–∞–±–æ—Ç—ã,–£–¥–æ–±—Å—Ç–≤–æ —Ä–∞—Å–ø–æ–ª–æ–∂–µ–Ω–∏—è –º–∞–≥–∞–∑–∏–Ω–∞
27,6d0ae636-52ad-4fa5-b4e8-0fead2cc84fe047c4945-3a5f-4214-97ea-8fd8abe837ca,–û–±–Ω–æ–≤–ª–µ–Ω–∏–µ –ò–Ω—Ç–µ—Ä—å–µ—Ä–µ –º–∞–≥–∞–∑–∏–Ω–∞ –∏ –¥–æ–±–∞–≤–ª–µ–Ω–∏–µ –Ω–æ–≤–∏–Ω–æ–∫,SENTIMENT_POSITIVE,–®–∏—Ä–æ—Ç–∞ –≤—ã–±–æ—Ä–∞ –∏ –Ω–∞–ª–∏—á–∏–µ —Ç–æ–≤–∞—Ä–æ–≤,–ù–∞–ª–∏—á–∏–µ –∏–Ω—Ç–µ—Ä–µ—Å–Ω—ã—Ö –Ω–æ–≤–∏–Ω–æ–∫
28,20565728-6fde-458e-962e-70600a9e452b38564d5e-bb65-45a8-805b-525b78032c17,–°–∏—Å—Ç–µ–º–∞ –±–æ–Ω—É—Å–æ–≤ —Ö—É–¥—à–∞—è,SENTIMENT_NEGATIVE,–£—Å–ª–æ–≤–∏—è –ø–æ –∫–∞—Ä—Ç–µ –ª–æ—è–ª—å–Ω–æ—Å—Ç–∏,–£—Å–ª–æ–≤–∏—è –∞–∫—Ü–∏–π —Å–æ —Å–±–æ—Ä–æ–≤ —Ñ–∏—à–µ–∫ / –Ω–∞–∫–ª–µ–µ–∫ / –ø–æ–¥–∞—Ä–∫–æ–≤
29,200232085-d72a-4f96-964d-d3db320d335d,"–¢–≤–µ—Ä—Å–∫–æ–µ –º–æ–ª–æ–∫–æ ""–ò—Å–∫—Ä–µ–Ω–Ω–µ –í–∞—à"" –∑–Ω–∞—é –¥–∞–≤–Ω–æ, –µ—â—ë –∏–∑ –º–∞–≥–∞–∑–∏–Ω–∞ ""–ë–ª–∏–∂–Ω–∏–µ –ì–æ—Ä–∫–∏"", –∫–∞—á–µ—Å—Ç–≤–æ —Ö–æ—Ä–æ—à–µ–µ. –í –ø–æ—Å–ª–µ–¥–Ω–µ–µ –≤—Ä–µ–º—è –±–µ—Ä—É —Ç–æ–ª—å–∫–æ –µ–≥–æ.",SENTIMENT_POSITIVE,–°–≤–µ–∂–µ—Å—Ç—å –∏ –∫–∞—á–µ—Å—Ç–≤–æ,–ö–∞—á–µ—Å—Ç–≤–æ —Ç–æ–≤–∞—Ä–∞
30,2dc1c16e5-156d-4599-95b7-5ee971a67502,"–æ—á–µ–Ω—å –≤–∫—É—Å–Ω—ã–π,–≤ —Å–ª–µ–¥—É—é—â–∏–π —Ä–∞–∑ —Å–Ω–æ–≤–∞ –∫—É–ø–ª—é.
—Ä–µ–∫–æ–º–µ–Ω–¥—É—é.",SENTIMENT_POSITIVE,–°–≤–µ–∂–µ—Å—Ç—å –∏ –∫–∞—á–µ—Å—Ç–≤–æ,–ö–∞—á–µ—Å—Ç–≤–æ —Ç–æ–≤–∞—Ä–∞
31,6d0ae636-52ad-4fa5-b4e8-0fead2cc84fe50ed7831-2b85-4f0a-a28e-abb511afba90,"–£–¥–æ–±–Ω–æ —É –¥–æ–º–∞, –ø—Ä–æ–¥–∞–≤—Ü—ã –≤–µ–∂–ª–∏–≤—ã–µ –æ—Ç–∑—ã–≤—á–∏–≤—ã–µ, –≤—Å–µ–≥–¥–∞ –ø–æ–º–æ–≥—É—Ç –∏ –ø–æ—Å–æ–≤–µ—Ç—É—é—Ç. –ò –≤–æ–æ–±—â–µ –º–Ω–µ –Ω—Ä–∞–≤–∏—Ç—Å—è –ú–∞–≥–Ω–∏—Ç..",SENTIMENT_POSITIVE,–£–¥–æ–±—Å—Ç–≤–æ —Ä–∞—Å–ø–æ–ª–æ–∂–µ–Ω–∏—è –º–∞–≥–∞–∑–∏–Ω–∞/–≤—Ö–æ–¥–∞/—Ä–µ–∂–∏–º–∞ —Ä–∞–±–æ—Ç—ã,–£–¥–æ–±—Å—Ç–≤–æ —Ä–∞—Å–ø–æ–ª–æ–∂–µ–Ω–∏—è –º–∞–≥–∞–∑–∏–Ω–∞
32,309d07a2-70d9-47b2-8ed8-c317fa073bd702219931-3812-4c37-9a8a-42f61352f50a,–ö–ª–∞—Å—Å–Ω–æ –æ–±—Å–ª—É–∂–∏–ª–∏,SENTIMENT_POSITIVE,–£–¥–æ–±—Å—Ç–≤–æ –∏ —Å–∫–æ—Ä–æ—Å—Ç—å –∫–∞—Å—Å—ã,–í—Ä–µ–º—è –æ–±—Å–ª—É–∂–∏–≤–∞–Ω–∏—è/ —Å–∫–∞–Ω–∏—Ä–æ–≤–∞–Ω–∏—è –Ω–∞ –∫–∞—Å—Å–µ
33,2142cbe74-f172-419a-9668-09fc0ea16a5b,"–ü–ª–æ–¥—ã —Ä–æ–≤–Ω—ã–µ, –±–µ–∑ –≤–∏–¥–∏–º—ã—Ö –ø–æ–≤—Ä–µ–∂–¥–µ–Ω–∏–π, –Ω–µ —Å—É—Ö–∏–µ. –ó–µ—Ä–Ω–∞ —è—Ä–∫–∏–µ, —Å–æ—á–Ω—ã–µ, –≤–∫—É—Å –≤ –º–µ—Ä—É —Å –∫–∏—Å–ª–∏–Ω–∫–æ–π.",SENTIMENT_POSITIVE,–°–≤–µ–∂–µ—Å—Ç—å –∏ –∫–∞—á–µ—Å—Ç–≤–æ,–ö–∞—á–µ—Å—Ç–≤–æ —Ç–æ–≤–∞—Ä–∞
34,2e2779a60-8f34-499f-867a-065f2cac07d9,"—Å–≤–µ–∂–∞—è, —Ü–µ–Ω–∞ –∫–∞–∫ –≤ –ª–µ–Ω—Ç–µ, —Å–æ–≤–µ—Ç—É—é –∫ –ø—Ä–∏–æ–±—Ä–µ—Ç–µ–Ω–∏—é. –±–µ—Ä–∏—Ç–µ –Ω–µ –ø–æ–∂–∞–ª–µ–µ—Ç–µ. –≤–∫—É—Å–Ω–∞—è. –∫–∞—á–µ—Å—Ç–≤–µ–Ω–Ω—ã–π —Ç–æ–≤–∞—Ä. ",SENTIMENT_POSITIVE,–°–≤–µ–∂–µ—Å—Ç—å –∏ –∫–∞—á–µ—Å—Ç–≤–æ,–°–≤–µ–∂–µ—Å—Ç—å –ø—Ä–æ–¥—É–∫—Ç–æ–≤
35,2e2779a60-8f34-499f-867a-065f2cac07d9,"—Å–≤–µ–∂–∞—è, —Ü–µ–Ω–∞ –∫–∞–∫ –≤ –ª–µ–Ω—Ç–µ, —Å–æ–≤–µ—Ç—É—é –∫ –ø—Ä–∏–æ–±—Ä–µ—Ç–µ–Ω–∏—é. –±–µ—Ä–∏—Ç–µ –Ω–µ –ø–æ–∂–∞–ª–µ–µ—Ç–µ. –≤–∫—É—Å–Ω–∞—è. –∫–∞—á–µ—Å—Ç–≤–µ–Ω–Ω—ã–π —Ç–æ–≤–∞—Ä. ",SENTIMENT_POSITIVE,–¶–µ–Ω–Ω–∏–∫–∏,–ö–æ—Ä—Ä–µ–∫—Ç–Ω–æ—Å—Ç—å —Ü–µ–Ω–Ω–∏–∫–∞
36,2e2779a60-8f34-499f-867a-065f2cac07d9,"—Å–≤–µ–∂–∞—è, —Ü–µ–Ω–∞ –∫–∞–∫ –≤ –ª–µ–Ω—Ç–µ, —Å–æ–≤–µ—Ç—É—é –∫ –ø—Ä–∏–æ–±—Ä–µ—Ç–µ–Ω–∏—é. –±–µ—Ä–∏—Ç–µ –Ω–µ –ø–æ–∂–∞–ª–µ–µ—Ç–µ. –≤–∫—É—Å–Ω–∞—è. –∫–∞—á–µ—Å—Ç–≤–µ–Ω–Ω—ã–π —Ç–æ–≤–∞—Ä. ",SENTIMENT_POSITIVE,–°–≤–µ–∂–µ—Å—Ç—å –∏ –∫–∞—á–µ—Å—Ç–≤–æ,–ö–∞—á–µ—Å—Ç–≤–æ —Ç–æ–≤–∞—Ä–∞
38,6d0ae636-52ad-4fa5-b4e8-0fead2cc84fe20caa51f-1fa6-4cef-b8f0-e6f855a4e9dc,"–û—Ç–ª–∏—á–Ω—ã–π –º–∞–≥–∞–∑–∏–Ω, —Å–æ—Ç—Ä—É–¥–Ω–∏–∫–∏",SENTIMENT_POSITIVE,–í–µ–∂–ª–∏–≤–æ—Å—Ç—å –∏ –æ—Ç–∑—ã–≤—á–∏–≤–æ—Å—Ç—å,"–ö–æ–º–ø–µ—Ç–µ–Ω—Ç–Ω–æ—Å—Ç—å, –æ—Ç–∑—ã–≤—á–∏–≤–æ—Å—Ç—å –∏ –¥—Ä—É–∂–µ–ª—é–±–Ω–æ—Å—Ç—å —Å–æ—Ç—Ä—É–¥–Ω–∏–∫–æ–≤ –∑–∞–ª–∞"
39,6d0ae636-52ad-4fa5-b4e8-0fead2cc84fe62dd8ead-403e-4098-a460-1920f8845fa4,"–û—á–µ–Ω—å —Ö–æ—Ä–æ—à–∏–π –º–∞–≥–∞–∑–∏–Ω, –≤—Å–µ —á–∏—Å—Ç–æ, –∞–∫–∫—É—Ä–∞—Ç–Ω–æ. –î–µ–≤–æ—á–∫–∏ –≤—Å–µ–≥–¥–∞ –ø–æ–º–æ–≥—É—Ç, –ø–æ–¥—Å–∫–∞–∂—É—Ç.",SENTIMENT_POSITIVE,–ß–∏—Å—Ç–æ—Ç–∞ –∏ –ø–æ—Ä—è–¥–æ–∫,–ß–∏—Å—Ç–æ—Ç–∞ –∏ –ø–æ—Ä—è–¥–æ–∫ –≤ —Ç–æ—Ä–≥–æ–≤–æ–º –∑–∞–ª–µ
40,6d0ae636-52ad-4fa5-b4e8-0fead2cc84fe62dd8ead-403e-4098-a460-1920f8845fa4,"–û—á–µ–Ω—å —Ö–æ—Ä–æ—à–∏–π –º–∞–≥–∞–∑–∏–Ω, –≤—Å–µ —á–∏—Å—Ç–æ, –∞–∫–∫—É—Ä–∞—Ç–Ω–æ. –î–µ–≤–æ—á–∫–∏ –≤—Å–µ–≥–¥–∞ –ø–æ–º–æ–≥—É—Ç, –ø–æ–¥—Å–∫–∞–∂—É—Ç.",SENTIMENT_POSITIVE,–í–µ–∂–ª–∏–≤–æ—Å—Ç—å –∏ –æ—Ç–∑—ã–≤—á–∏–≤–æ—Å—Ç—å,"–ö–æ–º–ø–µ—Ç–µ–Ω—Ç–Ω–æ—Å—Ç—å, –æ—Ç–∑—ã–≤—á–∏–≤–æ—Å—Ç—å –∏ –¥—Ä—É–∂–µ–ª—é–±–Ω–æ—Å—Ç—å —Å–æ—Ç—Ä—É–¥–Ω–∏–∫–æ–≤ –∑–∞–ª–∞"
41,2ac0ad9be-ccc0-4e46-b208-722c226eb6b9,"–ú—è—Å–æ –≤–∫—É—Å–Ω–æ–µ, —É–∂–µ –±—Ä–∞–ª–∏, –Ω–æ –≤–æ—Ç –±–∞–Ω–∫–∞ –≤–ø–µ—Ä–≤—ã–µ –ø—Ä–∏—à–ª–∞ –±–µ–∑ –æ—Ç–∫—Ä—ã–≤–∞—à–∫–∏-–∫–ª—é—á–∞ - —ç—Ç–æ, –∫–æ–Ω–µ—á–Ω–æ, –ø–ª–æ—Ö–æ, –≤—Ä–æ–¥–µ –Ω–µ –ø—Ä–æ—à–ª—ã–π –≤–µ–∫. –í—Ä—è–¥ –ª–∏ –µ—â—ë –∑–∞–∫–∞–∂—É. –ó–∞ —ç—Ç–æ —Å–Ω–∏–∂–∞—é –∑–≤–µ–∑–¥—É",SENTIMENT_POSITIVE,–°–≤–µ–∂–µ—Å—Ç—å –∏ –∫–∞—á–µ—Å—Ç–≤–æ,–ö–∞—á–µ—Å—Ç–≤–æ —Ç–æ–≤–∞—Ä–∞
42,2ac0ad9be-ccc0-4e46-b208-722c226eb6b9,"–ú—è—Å–æ –≤–∫—É—Å–Ω–æ–µ, —É–∂–µ –±—Ä–∞–ª–∏, –Ω–æ –≤–æ—Ç –±–∞–Ω–∫–∞ –≤–ø–µ—Ä–≤—ã–µ –ø—Ä–∏—à–ª–∞ –±–µ–∑ –æ—Ç–∫—Ä—ã–≤–∞—à–∫–∏-–∫–ª—é—á–∞ - —ç—Ç–æ, –∫–æ–Ω–µ—á–Ω–æ, –ø–ª–æ—Ö–æ, –≤—Ä–æ–¥–µ –Ω–µ –ø—Ä–æ—à–ª—ã–π –≤–µ–∫. –í—Ä—è–¥ –ª–∏ –µ—â—ë –∑–∞–∫–∞–∂—É. –ó–∞ —ç—Ç–æ —Å–Ω–∏–∂–∞—é –∑–≤–µ–∑–¥—É",SENTIMENT_NEGATIVE,–£–¥–æ–±—Å—Ç–≤–æ –ø–æ–∏—Å–∫–∞ –Ω—É–∂–Ω–æ–≥–æ —Ç–æ–≤–∞—Ä–∞,–£–¥–æ–±—Å—Ç–≤–æ –≤–∑—è—Ç—å –∏–ª–∏ —É–ø–∞–∫–æ–≤–∞—Ç—å —Ç–æ–≤–∞—Ä
43,2f1316b20-3c99-4472-8f51-c6560cc5be95,–æ—Ç–ª–∏—á–Ω—ã–µ –±—É–∫–µ—Ç—ã,SENTIMENT_POSITIVE,–°–≤–µ–∂–µ—Å—Ç—å –∏ –∫–∞—á–µ—Å—Ç–≤–æ,–ü—Ä–∏–≤–ª–µ–∫–∞—Ç–µ–ª—å–Ω—ã–π –≤–Ω–µ—à–Ω–∏–π –≤–∏–¥ –æ—Ç–¥–µ–ª–∞
44,2f4217fc3-c78d-4863-b7ea-6bcb16922a6f,–•–æ—Ä–æ—à–∏–π —Å—ã—Ä,SENTIMENT_POSITIVE,–°–≤–µ–∂–µ—Å—Ç—å –∏ –∫–∞—á–µ—Å—Ç–≤–æ,–ö–∞—á–µ—Å—Ç–≤–æ —Ç–æ–≤–∞—Ä–∞
45,6d0ae636-52ad-4fa5-b4e8-0fead2cc84fe849aa020-e576-4abf-b109-2ec0dc631b59,–ù–∞ –∫–∞—Å—Å–µ –Ω–µ –º–æ–≥—É—Ç –æ—Ç–ø—É—Å—Ç–∏—Ç—å —Ç–æ–≤–∞—Ä –ø–æ –∞–∫—Ü–∏–∏ —Å—Å—ã–ª–∞—è—Å—å —á—Ç–æ –Ω–µ –ø—Ä–æ–≤–æ–¥–∏—Ç—Å—è –ø–æ –ø—Ä–æ–≥—Ä–∞–º–º–µ.–ò –Ω–µ –æ–¥–Ω–æ–∫—Ä–∞—Ç–Ω–æ–µ –Ω–µ—Å–æ–æ—Ç–≤–µ—Ç—Å—Ç–≤–∏–µ —Ü–µ–Ω–Ω–∏–∫–æ–≤.,SENTIMENT_NEGATIVE,–°–∫–∏–¥–∫–∏ –∏ –∞–∫—Ü–∏–∏,–¶–µ–Ω–∞ –ø–æ—Å–ª–µ —Å–∫–∏–¥–∫–∏
46,6d0ae636-52ad-4fa5-b4e8-0fead2cc84fe849aa020-e576-4abf-b109-2ec0dc631b59,–ù–∞ –∫–∞—Å—Å–µ –Ω–µ –º–æ–≥—É—Ç –æ—Ç–ø—É—Å—Ç–∏—Ç—å —Ç–æ–≤–∞—Ä –ø–æ –∞–∫—Ü–∏–∏ —Å—Å—ã–ª–∞—è—Å—å —á—Ç–æ –Ω–µ –ø—Ä–æ–≤–æ–¥–∏—Ç—Å—è –ø–æ –ø—Ä–æ–≥—Ä–∞–º–º–µ.–ò –Ω–µ –æ–¥–Ω–æ–∫—Ä–∞—Ç–Ω–æ–µ –Ω–µ—Å–æ–æ—Ç–≤–µ—Ç—Å—Ç–≤–∏–µ —Ü–µ–Ω–Ω–∏–∫–æ–≤.,SENTIMENT_NEGATIVE,–¶–µ–Ω–Ω–∏–∫–∏,–ö–æ—Ä—Ä–µ–∫—Ç–Ω–æ—Å—Ç—å —Ü–µ–Ω–Ω–∏–∫–∞
47,6d0ae636-52ad-4fa5-b4e8-0fead2cc84feda1af184-cbaf-4431-9450-e04e0ed610c7,"–û—Ç–ª–∏—á–Ω—ã–π –º–∞–≥–∞–∑–∏–Ω, –æ—Ç–∑—ã–≤—á–∏–≤—ã–π –ø–µ—Ä—Å–æ–Ω–∞–ª, –≤—Å–µ–≥–¥–∞ —á–∏—Å—Ç–æ—Ç–∞.",SENTIMENT_POSITIVE,–í–µ–∂–ª–∏–≤–æ—Å—Ç—å –∏ –æ—Ç–∑—ã–≤—á–∏–≤–æ—Å—Ç—å,"–ö–æ–º–ø–µ—Ç–µ–Ω—Ç–Ω–æ—Å—Ç—å, –æ—Ç–∑—ã–≤—á–∏–≤–æ—Å—Ç—å –∏ –¥—Ä—É–∂–µ–ª—é–±–Ω–æ—Å—Ç—å —Å–æ—Ç—Ä—É–¥–Ω–∏–∫–æ–≤ –∑–∞–ª–∞"
48,2a7535c88-63bd-41c3-8f93-a60980cf0f2a,–≤–∫—É—Å–Ω—ã–µ ,SENTIMENT_POSITIVE,–°–≤–µ–∂–µ—Å—Ç—å –∏ –∫–∞—á–µ—Å—Ç–≤–æ,–ö–∞—á–µ—Å—Ç–≤–æ —Ç–æ–≤–∞—Ä–∞
49,6d0ae636-52ad-4fa5-b4e8-0fead2cc84fe02c9ac7b-fc84-4f92-a916-c7f4561f433d,"–§—Ä—É–∫—Ç—ã –∏ –æ–≤–æ—â–∏, –∫–∞–∫ –≤—Å–µ–≥–¥–∞ –≤ –Ω–µ–ø—Ä–µ–∑–µ–Ω—Ç–∞–±–µ–ª—å–Ω–æ–º –≤–∏–¥–µ (—Å–º–µ—Å—å –∏—Å–ø–æ—Ä—á–µ–Ω–Ω—ã—Ö –∏ —Å–≤–µ–∂–∏—Ö), –æ—Ç—Å—É—Ç—Å—Ç–≤–∏–µ —Ü–µ–Ω–Ω–∏–∫–æ–≤ –∏–ª–∏ –Ω–µ–¥–æ—Å—Ç–æ–≤–µ—Ä–Ω–∞—è –∏–Ω—Ñ–æ—Ä–º–∞—Ü–∏—è –Ω–∞ –Ω–∏—Ö.",SENTIMENT_NEGATIVE,–°–≤–µ–∂–µ—Å—Ç—å –∏ –∫–∞—á–µ—Å—Ç–≤–æ,–°–≤–µ–∂–µ—Å—Ç—å –ø—Ä–æ–¥—É–∫—Ç–æ–≤
50,6d0ae636-52ad-4fa5-b4e8-0fead2cc84fe02c9ac7b-fc84-4f92-a916-c7f4561f433d,"–§—Ä—É–∫—Ç—ã –∏ –æ–≤–æ—â–∏, –∫–∞–∫ –≤—Å–µ–≥–¥–∞ –≤ –Ω–µ–ø—Ä–µ–∑–µ–Ω—Ç–∞–±–µ–ª—å–Ω–æ–º –≤–∏–¥–µ (—Å–º–µ—Å—å –∏—Å–ø–æ—Ä—á–µ–Ω–Ω—ã—Ö –∏ —Å–≤–µ–∂–∏—Ö), –æ—Ç—Å—É—Ç—Å—Ç–≤–∏–µ —Ü–µ–Ω–Ω–∏–∫–æ–≤ –∏–ª–∏ –Ω–µ–¥–æ—Å—Ç–æ–≤–µ—Ä–Ω–∞—è –∏–Ω—Ñ–æ—Ä–º–∞—Ü–∏—è –Ω–∞ –Ω–∏—Ö.",SENTIMENT_NEGATIVE,–¶–µ–Ω–Ω–∏–∫–∏,–ù–∞–ª–∏—á–∏–µ —Ü–µ–Ω–Ω–∏–∫–æ–≤
51,6d0ae636-52ad-4fa5-b4e8-0fead2cc84fe02c9ac7b-fc84-4f92-a916-c7f4561f433d,"–§—Ä—É–∫—Ç—ã –∏ –æ–≤–æ—â–∏, –∫–∞–∫ –≤—Å–µ–≥–¥–∞ –≤ –Ω–µ–ø—Ä–µ–∑–µ–Ω—Ç–∞–±–µ–ª—å–Ω–æ–º –≤–∏–¥–µ (—Å–º–µ—Å—å –∏—Å–ø–æ—Ä—á–µ–Ω–Ω—ã—Ö –∏ —Å–≤–µ–∂–∏—Ö), –æ—Ç—Å—É—Ç—Å—Ç–≤–∏–µ —Ü–µ–Ω–Ω–∏–∫–æ–≤ –∏–ª–∏ –Ω–µ–¥–æ—Å—Ç–æ–≤–µ—Ä–Ω–∞—è –∏–Ω—Ñ–æ—Ä–º–∞—Ü–∏—è –Ω–∞ –Ω–∏—Ö.",SENTIMENT_NEGATIVE,–¶–µ–Ω–Ω–∏–∫–∏,–ö–æ—Ä—Ä–µ–∫—Ç–Ω–æ—Å—Ç—å —Ü–µ–Ω–Ω–∏–∫–∞
52,6d0ae636-52ad-4fa5-b4e8-0fead2cc84fe6c850d8a-26dc-481c-af23-e0233990671a,–ß–µ—Ä—Ä–∏ –æ–∫–∞–∑–∞–ª–∏—Å—å —Å –ø–ª–µ—Å–µ–Ω—å—é.,SENTIMENT_NEGATIVE,–°–≤–µ–∂–µ—Å—Ç—å –∏ –∫–∞—á–µ—Å—Ç–≤–æ,–ö–∞—á–µ—Å—Ç–≤–æ —Ç–æ–≤–∞—Ä–∞
54,269e2956d-22d1-4351-80bb-b156f970a464,–æ—á–µ–Ω—å —Å–ª–∞–¥–∫–∏–π,SENTIMENT_NEGATIVE,–°–≤–µ–∂–µ—Å—Ç—å –∏ –∫–∞—á–µ—Å—Ç–≤–æ,–ö–∞—á–µ—Å—Ç–≤–æ —Ç–æ–≤–∞—Ä–∞
57,6d0ae636-52ad-4fa5-b4e8-0fead2cc84fe5b604537-387b-4cf1-be28-734bd13fbdf0,–í—Å–µ–≥–¥–∞ –≤—Å–µ –µ—Å—Ç—å,SENTIMENT_POSITIVE,–®–∏—Ä–æ—Ç–∞ –≤—ã–±–æ—Ä–∞ –∏ –Ω–∞–ª–∏—á–∏–µ —Ç–æ–≤–∞—Ä–æ–≤,–ù–∞–ª–∏—á–∏–µ —Ç–æ–≤–∞—Ä–∞ –Ω–∞ –ø–æ–ª–∫–µ
58,29be0a09c-9ec9-411a-936a-0fb6379209b3,"–ø–æ–ø–æ–ª—Å—è —Ö—Ä—è—â –æ—Ç –∫—É—Ä–∏—Ü—ã
–Ω–∞–≤–µ—Ä–Ω–æ –º–æ–∂–Ω–æ –±–æ–ª–µ–µ –∞–∫–∫—É—Ä–∞—Ç–Ω–æ –≥–æ—Ç–æ–≤–∏—Ç—å ",SENTIMENT_NEGATIVE,–°–≤–µ–∂–µ—Å—Ç—å –∏ –∫–∞—á–µ—Å—Ç–≤–æ,–ö–∞—á–µ—Å—Ç–≤–æ —Ç–æ–≤–∞—Ä–∞
59,29be0a09c-9ec9-411a-936a-0fb6379209b3,"–ø–æ–ø–æ–ª—Å—è —Ö—Ä—è—â –æ—Ç –∫—É—Ä–∏—Ü—ã
–Ω–∞–≤–µ—Ä–Ω–æ –º–æ–∂–Ω–æ –±–æ–ª–µ–µ –∞–∫–∫—É—Ä–∞—Ç–Ω–æ –≥–æ—Ç–æ–≤–∏—Ç—å ",SENTIMENT_NEGATIVE,–°–≤–µ–∂–µ—Å—Ç—å –∏ –∫–∞—á–µ—Å—Ç–≤–æ,–ü—Ä–∞–≤–∏–ª—å–Ω—ã–µ —É—Å–ª–æ–≤–∏—è —Ö—Ä–∞–Ω–µ–Ω–∏—è
60,23b241956-799a-4ba6-81f6-fd6624a3aeaf,"—Å–≤–µ–∂–∏–µ, —Å–æ—á–Ω—ã–µ, —Å–ª–∞–¥–∫–∏–µ ",SENTIMENT_POSITIVE,–°–≤–µ–∂–µ—Å—Ç—å –∏ –∫–∞—á–µ—Å—Ç–≤–æ,–°–≤–µ–∂–µ—Å—Ç—å –ø—Ä–æ–¥—É–∫—Ç–æ–≤
61,ed66954e-16c8-4d0b-bc1a-b620d46024d13a80d746-a00e-44eb-9c83-2c2e08e0fe91,–û—á–µ–Ω—å —Ö–æ—Ä–æ—à–∏–µ —Å–æ—Ç—Ä—É–¥–Ω–∏–∫–∏. –í—Å–µ–≥–¥–∞ –ø—Ä–∏–≤–µ—Ç–ª–∏–≤—ã–µ –∏ –ø–æ–º–æ–≥–∞—é—Ç –≤ –≤—ã–±–æ—Ä–µ —Ç–æ–≤–∞—Ä–∞,SENTIMENT_POSITIVE,–í–µ–∂–ª–∏–≤–æ—Å—Ç—å –∏ –æ—Ç–∑—ã–≤—á–∏–≤–æ—Å—Ç—å,"–ö–æ–º–ø–µ—Ç–µ–Ω—Ç–Ω–æ—Å—Ç—å, –æ—Ç–∑—ã–≤—á–∏–≤–æ—Å—Ç—å –∏ –¥—Ä—É–∂–µ–ª—é–±–Ω–æ—Å—Ç—å —Å–æ—Ç—Ä—É–¥–Ω–∏–∫–æ–≤ –∑–∞–ª–∞"
62,220b79ab6-e94d-4a3c-8465-afc13f76676b,"–≤—Å–µ —Ö–æ—Ä–æ—à–æ,–Ω–µ –¥–æ—Ä–æ–≥–æ.",SENTIMENT_POSITIVE,–°–≤–µ–∂–µ—Å—Ç—å –∏ –∫–∞—á–µ—Å—Ç–≤–æ,–ö–∞—á–µ—Å—Ç–≤–æ —Ç–æ–≤–∞—Ä–∞
63,220b79ab6-e94d-4a3c-8465-afc13f76676b,"–≤—Å–µ —Ö–æ—Ä–æ—à–æ,–Ω–µ –¥–æ—Ä–æ–≥–æ.",SENTIMENT_POSITIVE,–£—Ä–æ–≤–µ–Ω—å —Ü–µ–Ω,–í—ã–≥–æ–¥–Ω–æ—Å—Ç—å —Ü–µ–Ω
64,309d07a2-70d9-47b2-8ed8-c317fa073bd7735a5098-826d-40a6-b9d7-03d2ae15b05b,"–•–æ–∂—É —á–∞—Å—Ç–æ,–≤—Å–µ –Ω—Ä–∞–≤–∏—Ç—Å—è, –∞—Å—Å–æ—Ä—Ç–∏–º–µ–Ω—Ç –∏ –∞–∫—Ü–∏–∏",SENTIMENT_POSITIVE,–®–∏—Ä–æ—Ç–∞ –≤—ã–±–æ—Ä–∞ –∏ –Ω–∞–ª–∏—á–∏–µ —Ç–æ–≤–∞—Ä–æ–≤,–ê—Å—Å–æ—Ä—Ç–∏–º–µ–Ω—Ç —Ç–æ–≤–∞—Ä–∞
65,309d07a2-70d9-47b2-8ed8-c317fa073bd7735a5098-826d-40a6-b9d7-03d2ae15b05b,"–•–æ–∂—É —á–∞—Å—Ç–æ,–≤—Å–µ –Ω—Ä–∞–≤–∏—Ç—Å—è, –∞—Å—Å–æ—Ä—Ç–∏–º–µ–Ω—Ç –∏ –∞–∫—Ü–∏–∏",SENTIMENT_POSITIVE,–°–∫–∏–¥–∫–∏ –∏ –∞–∫—Ü–∏–∏,–¶–µ–Ω–∞ –ø–æ—Å–ª–µ —Å–∫–∏–¥–∫–∏
66,267a18f7a-a3fb-40a4-977a-e647ebd897d9,–≤–∫—É—Å–Ω–æ,SENTIMENT_POSITIVE,–°–≤–µ–∂–µ—Å—Ç—å –∏ –∫–∞—á–µ—Å—Ç–≤–æ,–ö–∞—á–µ—Å—Ç–≤–æ —Ç–æ–≤–∞—Ä–∞
67,29c8ac40e-e524-45ab-a059-982fa64fb870,"–û–¥–Ω–∏ –∏–∑ –ª—É—á—à–∏—Ö. –ú–æ–∂–Ω–æ –∫–∞–∫ —Å–∞–º–æ—Å—Ç–æ—è—Ç–µ–ª—å–Ω—ã–π –ø—Ä–æ–¥—É–∫—Ç, —Ç–∞–∫ –∏ –∫–∞–∫ –±–∞–∑–∞ –ø–æ–¥ —Ç–µ–Ω–∏. ",SENTIMENT_POSITIVE,–°–≤–µ–∂–µ—Å—Ç—å –∏ –∫–∞—á–µ—Å—Ç–≤–æ,–ö–∞—á–µ—Å—Ç–≤–æ —Ç–æ–≤–∞—Ä–∞
68,6d0ae636-52ad-4fa5-b4e8-0fead2cc84fe3936591b-f16f-4167-a765-03d11b668535,"–ü–æ—Ç–æ–º—É —á—Ç–æ —Å–µ–≥–æ–¥–Ω—è –≤ —ç—Ç–æ–º –º–∞–≥–∞–∑–∏–Ω–µ, —è –∫—É–ø–∏–ª–∞ —Ö–æ—Ä–æ—à–∏–µ –ª–∏–º–æ–Ω—ã.",SENTIMENT_POSITIVE,–°–≤–µ–∂–µ—Å—Ç—å –∏ –∫–∞—á–µ—Å—Ç–≤–æ,–ö–∞—á–µ—Å—Ç–≤–æ —Ç–æ–≤–∞—Ä–∞
69,d2a1c852-83ce-4dd6-87e2-60bac45740427e1bcf46-c17e-4882-a451-ce462502ecda,–°–∫–∏–¥–∫–∏ –ø–æ –∫—É–ø–æ–Ω–∞–º. –ê —Ç–æ –∫—É–ø–æ–Ω—ã –∏–∑ –∏–≥—Ä –Ω–µ –¥–µ–π—Å—Ç–≤—É—é—Ç.,SENTIMENT_POSITIVE,–°–∫–∏–¥–∫–∏ –∏ –∞–∫—Ü–∏–∏,–¶–µ–Ω–∞ –ø–æ—Å–ª–µ —Å–∫–∏–¥–∫–∏
70,d2a1c852-83ce-4dd6-87e2-60bac45740427e1bcf46-c17e-4882-a451-ce462502ecda,–°–∫–∏–¥–∫–∏ –ø–æ –∫—É–ø–æ–Ω–∞–º. –ê —Ç–æ –∫—É–ø–æ–Ω—ã –∏–∑ –∏–≥—Ä –Ω–µ –¥–µ–π—Å—Ç–≤—É—é—Ç.,SENTIMENT_NEGATIVE,–£–¥–æ–±—Å—Ç–≤–æ –∏ —Å–∫–æ—Ä–æ—Å—Ç—å –∫–∞—Å—Å—ã,–£–¥–æ–±—Å—Ç–≤–æ –ø—Ä–∏–º–µ–Ω–µ–Ω–∏—è –ø—Ä–æ–º–æ-–∫—É–ø–æ–Ω–æ–≤ –Ω–∞ –∫–∞—Å—Å–µ
71,6d0ae636-52ad-4fa5-b4e8-0fead2cc84feb78f94a5-a883-49c6-8cf2-a6a6dce47950,–ü–æ–ª–∫–∏ –ø–æ–ª—É–ø—É—Å—Ç—ã–µ.,SENTIMENT_NEGATIVE,–®–∏—Ä–æ—Ç–∞ –≤—ã–±–æ—Ä–∞ –∏ –Ω–∞–ª–∏—á–∏–µ —Ç–æ–≤–∞—Ä–æ–≤,–ù–∞–ª–∏—á–∏–µ —Ç–æ–≤–∞—Ä–∞ –Ω–∞ –ø–æ–ª–∫–µ
72,20565728-6fde-458e-962e-70600a9e452bca2c0cf6-e5ef-45a7-9e22-eee7795c1d41,"–¶–µ–Ω—ã , —á—Ç–æ–±—ã –±—ã–ª–∏ –Ω–∏–∂–µ.",SENTIMENT_NEGATIVE,–£—Ä–æ–≤–µ–Ω—å —Ü–µ–Ω,–í—ã–≥–æ–¥–Ω–æ—Å—Ç—å —Ü–µ–Ω
73,24f228f94-6e2f-464a-99f7-f926a6fb52f9,–°–≤–µ–∂–∏–π –∏ –≤–∫—É—Å–Ω—ã–π. ,SENTIMENT_POSITIVE,–°–≤–µ–∂–µ—Å—Ç—å –∏ –∫–∞—á–µ—Å—Ç–≤–æ,–°–≤–µ–∂–µ—Å—Ç—å –ø—Ä–æ–¥—É–∫—Ç–æ–≤
74,22806f874-cddd-43d0-acbe-6e8222ea80be,–æ—á–µ–Ω—å –º–Ω–æ–≥–æ  –ø—Ä–æ–¥—É–∫—Ç–∞ —Å –ø–æ—Ä–µ–∑–∞–º–∏ –∏ —á—ë—Ä–Ω—ã–º–∏ –ø—Ä–æ–∂–∏–ª–∫–∞–º–∏,SENTIMENT_NEGATIVE,–°–≤–µ–∂–µ—Å—Ç—å –∏ –∫–∞—á–µ—Å—Ç–≤–æ,–ö–∞—á–µ—Å—Ç–≤–æ —Ç–æ–≤–∞—Ä–∞
75,6d0ae636-52ad-4fa5-b4e8-0fead2cc84fe69f68e4e-7f6c-4a78-9999-12a6c3401c0c,"–£–¥–æ–±–Ω—ã–π –º–∞–≥–∞–∑–∏–Ω, –±–æ–ª—å—à–æ–π –∞—Å—Å–æ—Ä—Ç–∏–º–µ–Ω—Ç",SENTIMENT_POSITIVE,–£–¥–æ–±—Å—Ç–≤–æ —Ä–∞—Å–ø–æ–ª–æ–∂–µ–Ω–∏—è –º–∞–≥–∞–∑–∏–Ω–∞/–≤—Ö–æ–¥–∞/—Ä–µ–∂–∏–º–∞ —Ä–∞–±–æ—Ç—ã,–£–¥–æ–±—Å—Ç–≤–æ —Ä–∞—Å–ø–æ–ª–æ–∂–µ–Ω–∏—è –º–∞–≥–∞–∑–∏–Ω–∞
76,236b6c868-9f98-458f-9cf2-d821e31c4672,–æ—á–µ–Ω—å –≤–∫—É—Å–Ω–æ ,SENTIMENT_POSITIVE,–°–≤–µ–∂–µ—Å—Ç—å –∏ –∫–∞—á–µ—Å—Ç–≤–æ,–ö–∞—á–µ—Å—Ç–≤–æ —Ç–æ–≤–∞—Ä–∞
77,6d0ae636-52ad-4fa5-b4e8-0fead2cc84feac341659-b84e-45b3-848b-5405d579fac7,"–ê–ø–µ–ª—å—Å–∏–Ω–æ–≤—ã–π —Å–æ–∫ –Ω–∞ –∫–∞—Å—Å–µ —Å–∞–º–æ–æ–±—Å–ª—É–∂–∏–≤–∞–Ω–∏—è –æ–∫–∞–∑–∞–ª—Å—è 300 –†–£–ë–õ–ï–ô, –∫–æ–≥–¥–∞ –ø–æ —Ü–µ–Ω–Ω–∏–∫–∞–º –æ–Ω –±—ã–ª –æ–∫–æ–ª–æ 230‚ÇΩ. –ö–ø–∂–¥—ã–π —Ä–∞–∑ —Å —Ü–µ–Ω–Ω–∏–∫–∞–º–∏ —á—Ç–æ-—Ç–æ –Ω–µ —Ç–∞–∫",SENTIMENT_NEGATIVE,–¶–µ–Ω–Ω–∏–∫–∏,–ö–æ—Ä—Ä–µ–∫—Ç–Ω–æ—Å—Ç—å —Ü–µ–Ω–Ω–∏–∫–∞
81,6d0ae636-52ad-4fa5-b4e8-0fead2cc84fe2450d20f-ba36-4746-8813-f9494ec29fd5,"–•–æ—Ä–æ—à–∏–π –≤—ã–±–æ—Ä –ø—Ä–æ–¥—É–∫—Ç–æ–≤, –≤–µ–∂–ª–∏–≤—ã–µ –ø—Ä–æ–¥–∞–≤—Ü—ã",SENTIMENT_POSITIVE,–®–∏—Ä–æ—Ç–∞ –≤—ã–±–æ—Ä–∞ –∏ –Ω–∞–ª–∏—á–∏–µ —Ç–æ–≤–∞—Ä–æ–≤,–ê—Å—Å–æ—Ä—Ç–∏–º–µ–Ω—Ç —Ç–æ–≤–∞—Ä–∞
82,6d0ae636-52ad-4fa5-b4e8-0fead2cc84fe2450d20f-ba36-4746-8813-f9494ec29fd5,"–•–æ—Ä–æ—à–∏–π –≤—ã–±–æ—Ä –ø—Ä–æ–¥—É–∫—Ç–æ–≤, –≤–µ–∂–ª–∏–≤—ã–µ –ø—Ä–æ–¥–∞–≤—Ü—ã",SENTIMENT_POSITIVE,–í–µ–∂–ª–∏–≤–æ—Å—Ç—å –∏ –æ—Ç–∑—ã–≤—á–∏–≤–æ—Å—Ç—å,"–ö–æ–º–ø–µ—Ç–µ–Ω—Ç–Ω–æ—Å—Ç—å, –æ—Ç–∑—ã–≤—á–∏–≤–æ—Å—Ç—å –∏ –¥—Ä—É–∂–µ–ª—é–±–Ω–æ—Å—Ç—å —Å–æ—Ç—Ä—É–¥–Ω–∏–∫–æ–≤ –∑–∞–ª–∞"
83,6d0ae636-52ad-4fa5-b4e8-0fead2cc84feb56c4c74-aa0d-472c-9d6d-02d3499c4c43,–ù–∞ –Ω–µ–∫–æ—Ç–æ—Ä—ã–π —Ç–æ–≤–∞—Ä –Ω–µ –±—ã–ª–æ —Ü–µ–Ω–Ω–∏–∫–æ–≤,SENTIMENT_NEGATIVE,–¶–µ–Ω–Ω–∏–∫–∏,–ù–∞–ª–∏—á–∏–µ —Ü–µ–Ω–Ω–∏–∫–æ–≤
85,6d0ae636-52ad-4fa5-b4e8-0fead2cc84fed45e054c-1919-4bb3-9484-343376d6ecff,"–ù–µ—Å–≤–µ–∂–∏–µ –æ–≤–æ—â–∏ –∏ —Ñ—Ä—É–∫—Ç—ã.–°–∫—É–¥–Ω—ã–π –∞—Å—Å–æ—Ä—Ç–∏–º–µ–Ω—Ç —Ç–æ–≤–∞—Ä–æ–≤.–ù–µ—Ç –∫–æ–Ω—Ç—Ä–æ–ª—å–Ω—ã—Ö –≤–µ—Å–æ–≤ –∏ –∞–ø–ø–∞—Ä–∞—Ç–∞ –ø—Ä–æ–≤–µ—Ä–∫–∏ —Ü–µ–Ω—ã.–ë–æ—à—å—à–µ –≥–æ–¥–∞ –ø–∏—à—É –≤–∞–º –æ–± —ç—Ç–æ–º, —Ä–µ–∑—É–ª—å—Ç–∞—Ç –Ω—É–ª–µ–≤–æ–π.–ë—É–¥—É –∂–∞–ª–æ–≤–∞—Ç—å—Å—è –≤ –†–æ—Å–ø–æ—Ç—Ä–µ–±–Ω–∞–¥–∑–æ—Ä",SENTIMENT_NEGATIVE,–°–≤–µ–∂–µ—Å—Ç—å –∏ –∫–∞—á–µ—Å—Ç–≤–æ,–°–≤–µ–∂–µ—Å—Ç—å –ø—Ä–æ–¥—É–∫—Ç–æ–≤
86,6d0ae636-52ad-4fa5-b4e8-0fead2cc84fed45e054c-1919-4bb3-9484-343376d6ecff,"–ù–µ—Å–≤–µ–∂–∏–µ –æ–≤–æ—â–∏ –∏ —Ñ—Ä—É–∫—Ç—ã.–°–∫—É–¥–Ω—ã–π –∞—Å—Å–æ—Ä—Ç–∏–º–µ–Ω—Ç —Ç–æ–≤–∞—Ä–æ–≤.–ù–µ—Ç –∫–æ–Ω—Ç—Ä–æ–ª—å–Ω—ã—Ö –≤–µ—Å–æ–≤ –∏ –∞–ø–ø–∞—Ä–∞—Ç–∞ –ø—Ä–æ–≤–µ—Ä–∫–∏ —Ü–µ–Ω—ã.–ë–æ—à—å—à–µ –≥–æ–¥–∞ –ø–∏—à—É –≤–∞–º –æ–± —ç—Ç–æ–º, —Ä–µ–∑—É–ª—å—Ç–∞—Ç –Ω—É–ª–µ–≤–æ–π.–ë—É–¥—É –∂–∞–ª–æ–≤–∞—Ç—å—Å—è –≤ –†–æ—Å–ø–æ—Ç—Ä–µ–±–Ω–∞–¥–∑–æ—Ä",SENTIMENT_NEGATIVE,–®–∏—Ä–æ—Ç–∞ –≤—ã–±–æ—Ä–∞ –∏ –Ω–∞–ª–∏—á–∏–µ —Ç–æ–≤–∞—Ä–æ–≤,–ê—Å—Å–æ—Ä—Ç–∏–º–µ–Ω—Ç —Ç–æ–≤–∞—Ä–∞
87,6d0ae636-52ad-4fa5-b4e8-0fead2cc84fed45e054c-1919-4bb3-9484-343376d6ecff,"–ù–µ—Å–≤–µ–∂–∏–µ –æ–≤–æ—â–∏ –∏ —Ñ—Ä—É–∫—Ç—ã.–°–∫—É–¥–Ω—ã–π –∞—Å—Å–æ—Ä—Ç–∏–º–µ–Ω—Ç —Ç–æ–≤–∞—Ä–æ–≤.–ù–µ—Ç –∫–æ–Ω—Ç—Ä–æ–ª—å–Ω—ã—Ö –≤–µ—Å–æ–≤ –∏ –∞–ø–ø–∞—Ä–∞—Ç–∞ –ø—Ä–æ–≤–µ—Ä–∫–∏ —Ü–µ–Ω—ã.–ë–æ—à—å—à–µ –≥–æ–¥–∞ –ø–∏—à—É –≤–∞–º –æ–± —ç—Ç–æ–º, —Ä–µ–∑—É–ª—å—Ç–∞—Ç –Ω—É–ª–µ–≤–æ–π.–ë—É–¥—É –∂–∞–ª–æ–≤–∞—Ç—å—Å—è –≤ –†–æ—Å–ø–æ—Ç—Ä–µ–±–Ω–∞–¥–∑–æ—Ä",SENTIMENT_NEGATIVE,–£–¥–æ–±—Å—Ç–≤–æ –ø–æ–∏—Å–∫–∞ –Ω—É–∂–Ω–æ–≥–æ —Ç–æ–≤–∞—Ä–∞,–£–¥–æ–±—Å—Ç–≤–æ –≤–∑–≤–µ—Å–∏—Ç—å —Ç–æ–≤–∞—Ä –∏–ª–∏ –ø—Ä–æ–≤–µ—Ä–∏—Ç—å –≤–µ—Å
88,6d0ae636-52ad-4fa5-b4e8-0fead2cc84fed45e054c-1919-4bb3-9484-343376d6ecff,"–ù–µ—Å–≤–µ–∂–∏–µ –æ–≤–æ—â–∏ –∏ —Ñ—Ä—É–∫—Ç—ã.–°–∫—É–¥–Ω—ã–π –∞—Å—Å–æ—Ä—Ç–∏–º–µ–Ω—Ç —Ç–æ–≤–∞—Ä–æ–≤.–ù–µ—Ç –∫–æ–Ω—Ç—Ä–æ–ª—å–Ω—ã—Ö –≤–µ—Å–æ–≤ –∏ –∞–ø–ø–∞—Ä–∞—Ç–∞ –ø—Ä–æ–≤–µ—Ä–∫–∏ —Ü–µ–Ω—ã.–ë–æ—à—å—à–µ –≥–æ–¥–∞ –ø–∏—à—É –≤–∞–º –æ–± —ç—Ç–æ–º, —Ä–µ–∑—É–ª—å—Ç–∞—Ç –Ω—É–ª–µ–≤–æ–π.–ë—É–¥—É –∂–∞–ª–æ–≤–∞—Ç—å—Å—è –≤ –†–æ—Å–ø–æ—Ç—Ä–µ–±–Ω–∞–¥–∑–æ—Ä",SENTIMENT_NEGATIVE,–¶–µ–Ω–Ω–∏–∫–∏,–£–¥–æ–±—Å—Ç–≤–æ –ø—Ä–æ–≤–µ—Ä–∫–∏ —Ü–µ–Ω—ã —Ç–æ–≤–∞—Ä–∞ –î–û –ø–æ–∫—É–ø–∫–∏
91,148fc5fc-c83c-4505-b050-1b039e56598530812691-8977-47b8-a5bf-68a59fb17363,"–ü–æ–≤—ã—Å–∏—Ç—å –∫–∞—á–µ—Å—Ç–≤–æ —Ç–æ–≤–∞—Ä–æ–≤, –ø–æ–¥–Ω—è—Ç—å –∑–∞—Ä–ø–ª–∞—Ç—É —Ä–∞–±–æ—Ç–Ω–∏–∫–∞–º, –ø–æ—Ç–æ–º—É —á—Ç–æ —Ä–∞–±–æ—Ç–∞—é—Ç –æ–¥–∏–Ω –∑–∞ —Ç—Ä–æ–∏—Ö –∑–∞ –Ω–µ—Ö–≤–∞—Ç–∫–µ –ª—é–¥–µ–π –≤ –º–∞–≥–∞–∑–∏–Ω–µ.",SENTIMENT_NEGATIVE,–°–≤–µ–∂–µ—Å—Ç—å –∏ –∫–∞—á–µ—Å—Ç–≤–æ,–ö–∞—á–µ—Å—Ç–≤–æ —Ç–æ–≤–∞—Ä–∞
92,280fec27d-0221-4150-9587-25e2b8d2c0b2,"–û—á–µ–Ω—å –≤–∫—É—Å–Ω—ã–µ, —Å–≤–µ–∂–∏–µ —Å–µ–º–µ—á–∫–∏. –ö–æ—Ä–∑–∏–Ω–∫–∏ —Ç–æ–Ω–∫–∏–µ, —Ö—Ä—É—Å—Ç—è—â–∏–µ. –ï—Å—Ç—å - –æ–¥–Ω–æ —É–¥–æ–≤–æ–ª—å—Å—Ç–≤–∏–µ ",SENTIMENT_POSITIVE,–°–≤–µ–∂–µ—Å—Ç—å –∏ –∫–∞—á–µ—Å—Ç–≤–æ,–ö–∞—á–µ—Å—Ç–≤–æ —Ç–æ–≤–∞—Ä–∞
93,280fec27d-0221-4150-9587-25e2b8d2c0b2,"–û—á–µ–Ω—å –≤–∫—É—Å–Ω—ã–µ, —Å–≤–µ–∂–∏–µ —Å–µ–º–µ—á–∫–∏. –ö–æ—Ä–∑–∏–Ω–∫–∏ —Ç–æ–Ω–∫–∏–µ, —Ö—Ä—É—Å—Ç—è—â–∏–µ. –ï—Å—Ç—å - –æ–¥–Ω–æ —É–¥–æ–≤–æ–ª—å—Å—Ç–≤–∏–µ ",SENTIMENT_POSITIVE,–°–≤–µ–∂–µ—Å—Ç—å –∏ –∫–∞—á–µ—Å—Ç–≤–æ,–°–≤–µ–∂–µ—Å—Ç—å –ø—Ä–æ–¥—É–∫—Ç–æ–≤
94,6d0ae636-52ad-4fa5-b4e8-0fead2cc84fe9fd7a5ac-bda0-4b17-ab53-d35194aca549,–ü—Ä–∏–≤–µ—Ç–ª–∏–≤—ã–π –ø–µ—Ä—Å–æ–Ω–∞–ª —Å–≤–µ–∂–∞—è –ø—Ä–æ–¥—É–∫—Ü–∏—è –ø—Ä–∏–µ–º–ª–µ–º—ã–µ —Ü–µ–Ω—ã.,SENTIMENT_POSITIVE,–í–µ–∂–ª–∏–≤–æ—Å—Ç—å –∏ –æ—Ç–∑—ã–≤—á–∏–≤–æ—Å—Ç—å,"–ö–æ–º–ø–µ—Ç–µ–Ω—Ç–Ω–æ—Å—Ç—å, –æ—Ç–∑—ã–≤—á–∏–≤–æ—Å—Ç—å –∏ –¥—Ä—É–∂–µ–ª—é–±–Ω–æ—Å—Ç—å —Å–æ—Ç—Ä—É–¥–Ω–∏–∫–æ–≤ –∑–∞–ª–∞"
95,6d0ae636-52ad-4fa5-b4e8-0fead2cc84fe9fd7a5ac-bda0-4b17-ab53-d35194aca549,–ü—Ä–∏–≤–µ—Ç–ª–∏–≤—ã–π –ø–µ—Ä—Å–æ–Ω–∞–ª —Å–≤–µ–∂–∞—è –ø—Ä–æ–¥—É–∫—Ü–∏—è –ø—Ä–∏–µ–º–ª–µ–º—ã–µ —Ü–µ–Ω—ã.,SENTIMENT_POSITIVE,–°–≤–µ–∂–µ—Å—Ç—å –∏ –∫–∞—á–µ—Å—Ç–≤–æ,–°–≤–µ–∂–µ—Å—Ç—å –ø—Ä–æ–¥—É–∫—Ç–æ–≤
96,6d0ae636-52ad-4fa5-b4e8-0fead2cc84fe9fd7a5ac-bda0-4b17-ab53-d35194aca549,–ü—Ä–∏–≤–µ—Ç–ª–∏–≤—ã–π –ø–µ—Ä—Å–æ–Ω–∞–ª —Å–≤–µ–∂–∞—è –ø—Ä–æ–¥—É–∫—Ü–∏—è –ø—Ä–∏–µ–º–ª–µ–º—ã–µ —Ü–µ–Ω—ã.,SENTIMENT_POSITIVE,–£—Ä–æ–≤–µ–Ω—å —Ü–µ–Ω,–í—ã–≥–æ–¥–Ω–æ—Å—Ç—å —Ü–µ–Ω
97,2ba54ca22-0b6c-4dd0-868e-fe00eec99fbb,"–°–∞–º–æ–µ –ª—É—á—à–µ–µ –±–µ–ª–æ–µ –≤–∏–Ω–æ, –∫–æ—Ç–æ—Ä–æ–µ –ø—Ä–æ–±–æ–≤–∞–ª–∞. –û—á–µ–Ω—å –º—è–≥–∫–∏–π –≤–∫—É—Å, –ª—ë–≥–∫–∞—è –∏–≥—Ä–∏—Å—Ç–æ—Å—Ç—å –¥–µ–ª–∞–µ—Ç –≤–∏–Ω–æ –Ω–µ–ø–æ–≤—Ç–æ—Ä–∏–º—ã–π. ",SENTIMENT_POSITIVE,–°–≤–µ–∂–µ—Å—Ç—å –∏ –∫–∞—á–µ—Å—Ç–≤–æ,–ö–∞—á–µ—Å—Ç–≤–æ —Ç–æ–≤–∞—Ä–∞
98,6d0ae636-52ad-4fa5-b4e8-0fead2cc84fe15615a4a-a012-463a-84ef-df509f8b63c3,"–ù–µ –≤—Å—ë, —á—Ç–æ —Ö–æ—Ç–µ–ª –∫—É–ø–∏—Ç—å –±—ã–ª–æ –≤ –Ω–∞–ª–∏—á–∏–∏",SENTIMENT_NEGATIVE,–®–∏—Ä–æ—Ç–∞ –≤—ã–±–æ—Ä–∞ –∏ –Ω–∞–ª–∏—á–∏–µ —Ç–æ–≤–∞—Ä–æ–≤,–ù–∞–ª–∏—á–∏–µ —Ç–æ–≤–∞—Ä–∞ –Ω–∞ –ø–æ–ª–∫–µ
100,2160a5e13-5a44-4884-98ac-191234e330b3,–ù–∏–∑–∫–æ–µ –∫–∞—á/—Å—Ç–≤–æ –∫–æ–Ω—Ñ–µ—Ç—ã –∞–ø—Ä–∏–æ—Ä–∏.,SENTIMENT_NEGATIVE,–°–≤–µ–∂–µ—Å—Ç—å –∏ –∫–∞—á–µ—Å—Ç–≤–æ,–ö–∞—á–µ—Å—Ç–≤–æ —Ç–æ–≤–∞—Ä–∞
101,ed66954e-16c8-4d0b-bc1a-b620d46024d13e333a9d-93e6-4bdd-99d0-f9468784e146,"–í—Å–µ –ø–æ–Ω—Ä–∞–≤–∏–ª–æ—Å—å, —Å–æ—Ç—Ä—É–¥–Ω–∏–∫–∏ –º–æ–ª–æ–¥—Ü—ã",SENTIMENT_POSITIVE,–í–µ–∂–ª–∏–≤–æ—Å—Ç—å –∏ –æ—Ç–∑—ã–≤—á–∏–≤–æ—Å—Ç—å,"–ö–æ–º–ø–µ—Ç–µ–Ω—Ç–Ω–æ—Å—Ç—å, –æ—Ç–∑—ã–≤—á–∏–≤–æ—Å—Ç—å –∏ –¥—Ä—É–∂–µ–ª—é–±–Ω–æ—Å—Ç—å —Å–æ—Ç—Ä—É–¥–Ω–∏–∫–æ–≤ –∑–∞–ª–∞"
102,6d0ae636-52ad-4fa5-b4e8-0fead2cc84fec508a2d8-c6c2-40d0-aaba-4eedd05da11e,–ù–µ –±—ã–ª–æ –Ω–µ–∫–æ—Ç–æ—Ä—ã—Ö –ø—Ä–æ–¥—É–∫—Ç–æ–≤ –≤ –Ω–∞–ª–∏—á–∏–∏. –¶–µ–Ω–Ω–∏–∫–∏ –Ω–∞ —Å—ã—Ä —Ä–∞–∑–Ω—ã–µ: –∑–∞ 100 –≥—Ä –ø—Ä–æ–¥—É–∫—Ç–∞ –∏ –∑–∞ —É–ø–∞–∫–æ–≤–∫—É,SENTIMENT_NEGATIVE,–®–∏—Ä–æ—Ç–∞ –≤—ã–±–æ—Ä–∞ –∏ –Ω–∞–ª–∏—á–∏–µ —Ç–æ–≤–∞—Ä–æ–≤,–ù–∞–ª–∏—á–∏–µ —Ç–æ–≤–∞—Ä–∞ –Ω–∞ –ø–æ–ª–∫–µ
103,6d0ae636-52ad-4fa5-b4e8-0fead2cc84fec508a2d8-c6c2-40d0-aaba-4eedd05da11e,–ù–µ –±—ã–ª–æ –Ω–µ–∫–æ—Ç–æ—Ä—ã—Ö –ø—Ä–æ–¥—É–∫—Ç–æ–≤ –≤ –Ω–∞–ª–∏—á–∏–∏. –¶–µ–Ω–Ω–∏–∫–∏ –Ω–∞ —Å—ã—Ä —Ä–∞–∑–Ω—ã–µ: –∑–∞ 100 –≥—Ä –ø—Ä–æ–¥—É–∫—Ç–∞ –∏ –∑–∞ —É–ø–∞–∫–æ–≤–∫—É,SENTIMENT_NEGATIVE,–¶–µ–Ω–Ω–∏–∫–∏,–ü–æ–Ω—è—Ç–Ω–æ—Å—Ç—å —Ü–µ–Ω–Ω–∏–∫–æ–≤
104,148fc5fc-c83c-4505-b050-1b039e565985fd99cbfc-0b46-4f78-b184-b68816af8218,"–í –ø–ª–∞–Ω–µ –∫–æ–ª–±–∞—Å—ã, —Ö–æ—Ç–µ–ª–æ—Å—å –±—ã —É–≤–∏–¥–µ—Ç—å –Ω–∞ –ø—Ä–∏–ª–∞–≤–∫–∞—Ö –±–æ–ª—å—à–µ–π —Ñ–∞—Å–æ–≤–∫–∏ 1 –∫–≥ –∏ –±–æ–ª—å—à–µ. –•–æ—Ç—è –±—ã –∫–∞–∫–∏–µ-—Ç–æ –≤–∏–¥—ã.",SENTIMENT_NEGATIVE,–®–∏—Ä–æ—Ç–∞ –≤—ã–±–æ—Ä–∞ –∏ –Ω–∞–ª–∏—á–∏–µ —Ç–æ–≤–∞—Ä–æ–≤,–®–∏—Ä–æ—Ç–∞ –≤—ã–±–æ—Ä–∞ —Ç–æ–≤–∞—Ä–æ–≤ –≤ –æ–ø—Ä–µ–¥–µ–ª—ë–Ω–Ω–æ–π –∫–∞—Ç–µ–≥–æ—Ä–∏–∏
105,148fc5fc-c83c-4505-b050-1b039e5659858abe0692-d432-460f-8400-7d2df92e3406,"–†–∞–∑–≤–∏–≤–∞–π—Ç–µ—Å—å,—Ä–∞–¥—É–π—Ç–µ –ø—Ä–µ–¥–ª–æ–∂–µ–Ω–∏—è–º–∏ –∏ –∞–∫—Ü–∏—è–º–∏",SENTIMENT_POSITIVE,–£—Å–ª–æ–≤–∏—è –ø–æ –∫–∞—Ä—Ç–µ –ª–æ—è–ª—å–Ω–æ—Å—Ç–∏,–ü—Ä–∏–≤–ª–µ–∫–∞—Ç–µ–ª—å–Ω–æ—Å—Ç—å –ø—Ä–æ–º–æ-–º–µ—Ö–∞–Ω–∏–∫
106,2f12513ab-0519-445c-b6e0-2923f982d985,"–¶–µ–Ω–∞ –Ω–∞ —ç—Ç–∏–∫–µ—Ç–∫–µ –Ω–µ —Å–æ–æ—Ç–≤–µ—Ç—Å—Ç–≤—É–µ—Ç . –ß–µ—Ç–∫–æ –≤–∏–¥–µ–ª–∞ —Ü–µ–Ω—É 109, –¥–æ–º–∞ –≤ —ç–ª–µ–∫—Ç—Ä–æ–Ω–Ω–æ–º —á–µ–∫–µ —É–≤–∏–¥–µ–ª–∞, —á—Ç–æ 139",SENTIMENT_NEGATIVE,–¶–µ–Ω–Ω–∏–∫–∏,–ö–æ—Ä—Ä–µ–∫—Ç–Ω–æ—Å—Ç—å —Ü–µ–Ω–Ω–∏–∫–∞
109,6d0ae636-52ad-4fa5-b4e8-0fead2cc84fe8ae2ddb3-d6b5-4072-8a10-6c2e5774dd3f,–ü—Ä–æ–¥–∞–≤–µ—Ü —Å–∫–∞–Ω–∏—Ä—É–µ—Ç –∫—É–ø–æ–Ω –Ω–∞ —Å–∫–∏–¥–∫—É –ø–æ—Ç–æ–º —Å–∫–∞–Ω–∏—Ä—É–µ—Ç –∫–∞—Ä—Ç—É –º–∞–≥–Ω–∏—Ç–Ω–∞ –≤ –∏—Ç–æ–≥–µ –¥–æ–º–∞ —Å–º—Ä—Ç—Ä—é–≤ –ø—Ä–∏–ª–æ–∂–µ–Ω–∏–∏ —Å–∫–æ–ª—å–∫–æ –±–∞–ª–æ–≤ –Ω–∞—á–∏—Å–ª–µ–Ω–æ –∞ –æ–∫–∞–∑—ã–≤–∞–µ—Ç—Å—è —É –º–µ–Ω—è —Å–µ–≥–æ–¥–Ω—è –Ω–µ—Ç –ø–æ–∫—É–ø–æ–∫.–ó–ê–ß–ï–ú –î–ï–õ–ê–¢–¨ –í–ò–î –ß–¢–û –í–°–ï –°–ö–î–ö–ò –ü–†–û–®–õ–ò,SENTIMENT_NEGATIVE,–£–¥–æ–±—Å—Ç–≤–æ –∏ —Å–∫–æ—Ä–æ—Å—Ç—å –∫–∞—Å—Å—ã,–£–¥–æ–±—Å—Ç–≤–æ –ø—Ä–∏–º–µ–Ω–µ–Ω–∏—è –∫–∞—Ä—Ç—ã –ª–æ—è–ª—å–Ω–æ—Å—Ç–∏ –Ω–∞ –∫–∞—Å—Å–µ
110,2d8c5575c-2fee-40d3-90ad-7f3ba4b9aa3e,–ø—Ä–∏–≤–µ–∑–ª–∏ –≤–º–µ—Å—Ç–æ 5 –≤—Å–µ–≥–æ 4... –æ–¥–∏–Ω –æ–∫–∞–∑–∞–ª—Å—è —Å–ª–æ–º–∞–Ω—ã–º,SENTIMENT_NEGATIVE,–®–∏—Ä–æ—Ç–∞ –≤—ã–±–æ—Ä–∞ –∏ –Ω–∞–ª–∏—á–∏–µ —Ç–æ–≤–∞—Ä–æ–≤,–ù–∞–ª–∏—á–∏–µ —Ç–æ–≤–∞—Ä–∞ –Ω–∞ –ø–æ–ª–∫–µ
111,2d8c5575c-2fee-40d3-90ad-7f3ba4b9aa3e,–ø—Ä–∏–≤–µ–∑–ª–∏ –≤–º–µ—Å—Ç–æ 5 –≤—Å–µ–≥–æ 4... –æ–¥–∏–Ω –æ–∫–∞–∑–∞–ª—Å—è —Å–ª–æ–º–∞–Ω—ã–º,SENTIMENT_NEGATIVE,–°–≤–µ–∂–µ—Å—Ç—å –∏ –∫–∞—á–µ—Å—Ç–≤–æ,–ö–∞—á–µ—Å—Ç–≤–æ —Ç–æ–≤–∞—Ä–∞
112,6d0ae636-52ad-4fa5-b4e8-0fead2cc84fe6833e93e-269e-4134-ab3a-cb45e0ba579a,–í—Å—ë —Ö–æ—Ä–æ—à–æ üëç! –í—Å–µ —Ç–æ–≤–∞—Ä—ã –∫–∞–∫–∏–µ –Ω–∞–¥–æ –µ—Å—Ç—å —É–¥–æ–±–Ω–æ —Ä–∞–∑–ª–æ–∂–∏–Ω—ã –ø—Ä–æ—Å—Ç–æ —Å—É–ø–µ—Ä!,SENTIMENT_POSITIVE,–®–∏—Ä–æ—Ç–∞ –≤—ã–±–æ—Ä–∞ –∏ –Ω–∞–ª–∏—á–∏–µ —Ç–æ–≤–∞—Ä–æ–≤,–ù–∞–ª–∏—á–∏–µ —Ç–æ–≤–∞—Ä–∞ –Ω–∞ –ø–æ–ª–∫–µ
113,6d0ae636-52ad-4fa5-b4e8-0fead2cc84fe6833e93e-269e-4134-ab3a-cb45e0ba579a,–í—Å—ë —Ö–æ—Ä–æ—à–æ üëç! –í—Å–µ —Ç–æ–≤–∞—Ä—ã –∫–∞–∫–∏–µ –Ω–∞–¥–æ –µ—Å—Ç—å —É–¥–æ–±–Ω–æ —Ä–∞–∑–ª–æ–∂–∏–Ω—ã –ø—Ä–æ—Å—Ç–æ —Å—É–ø–µ—Ä!,SENTIMENT_POSITIVE,–£–¥–æ–±—Å—Ç–≤–æ –ø–æ–∏—Å–∫–∞ –Ω—É–∂–Ω–æ–≥–æ —Ç–æ–≤–∞—Ä–∞,–£–¥–æ–±—Å—Ç–≤–æ –∏ –ø–æ–Ω—è—Ç–Ω–æ—Å—Ç—å –≤—ã–∫–ª–∞–¥–∫–∏ —Ç–æ–≤–∞—Ä–æ–≤
114,22ea99475-c3c3-4094-a0be-3c3fd7d452de,–∏–∑—ã—Å–∫–∞–Ω–Ω—ã–π –¥–µ–ª–∏–∫–∞—Ç–µ—Å,SENTIMENT_POSITIVE,–°–≤–µ–∂–µ—Å—Ç—å –∏ –∫–∞—á–µ—Å—Ç–≤–æ,–ö–∞—á–µ—Å—Ç–≤–æ —Ç–æ–≤–∞—Ä–∞
115,6d0ae636-52ad-4fa5-b4e8-0fead2cc84fe3b687a07-158d-4591-b6e4-3e9ec282b405,"–í–µ—á–Ω–æ –Ω–µ—Ç —Ü–µ–Ω, –ø–µ—Ä—Å–æ–Ω–∞–ª –Ω–µ —Ö–æ—á–µ—Ç —Ä–∞–±–æ—Ç–∞—Ç—å. –¶–µ–Ω—ã –Ω–µ –≤–µ—Ä–Ω—ã–µ –Ω–∞ —Ç–æ–≤–∞—Ä—ã.",SENTIMENT_NEGATIVE,–¶–µ–Ω–Ω–∏–∫–∏,–ù–∞–ª–∏—á–∏–µ —Ü–µ–Ω–Ω–∏–∫–æ–≤
